{
  "words": [
    {
      "word": "I",
      "start": 0,
      "end": 2.496
    },
    {
      "word": "ate",
      "start": 2.496,
      "end": 4.992
    },
    {
      "word": "an",
      "start": 4.992,
      "end": 7.4879999999999995
    },
    {
      "word": "apple",
      "start": 7.4879999999999995,
      "end": 9.984
    }
  ],
  "phones": []
}